Zile,Transport,Cazare,Machiaj,Mancare si apa,Inchiriere spatiu,Total
30,1.32207e+06,952241,316138,340444,60775.9,2.99167e+06
45,1.9831e+06,1.42836e+06,474207,510667,89224.1,4.4875e+06
60,2.64414e+06,1.90448e+06,632276,680889,113793,5.98334e+06
100,4.4069e+06,3.17414e+07,1.05379e+06,1.13481e+06,800000,9.97223e+06
