Zile,Transport,Cazare,Machiaj,Mancare si apa,Inchiriere spatiu,Total
30,1.32207e+06,952241,294440,340102,60775.9,2.96963e+06
45,1.9831e+06,1.42836e+06,441659,510153,89224.1,4.45444e+06
60,2.64414e+06,1.90448e+06,588879,680203,113793,5.93926e+06
100,4.4069e+06,3.17414e+07,981466,1.13367e+06,800000,9.89876e+06
