Zile,Transport,Cazare,Machiaj,Mancare si apa,Inchiriere spatiu,Total
30,1.32207e+06,952241,315685,340826,60775.9,2.9916e+06
45,1.9831e+06,1.42836e+06,473528,511239,89224.1,4.4874e+06
60,2.64414e+06,1.90448e+06,631371,681652,113793,5.98319e+06
100,4.4069e+06,3.17414e+07,1.05228e+06,1.13609e+06,800000,9.97199e+06
